Estructura de generación (MW),,,,,,,,,,,,,,,,,,,,,,
,,,,,,,,,,,,,,,,,,,,,,
Hora,Eólica,Nuclear,Carbón,Ciclo combinado,Intercambios int,Solar fotovoltaica,Solar térmica,Térmica renovable,Motores diésel,Turbina de gas,Turbina de vapor,Generación auxiliar,Cogeneración y residuos,Andorra exportación,Marruecos exportación,Portugal exportación,Francia exportación,Francia importación,Portugal importación,Marruecos importación,Andorra importación,Hidráulica
2025-03-18 21:00,9830,7131,233,6937,917,48,40,437,407,217,261,0,1970,-24,-223,0,0,665,503,0,0,7905
2025-03-18 21:05,9638,7121,234,6852,1152,48,40,437,408,224,261,0,1971,-24,-275,0,0,1203,212,0,0,7869
2025-03-18 21:10,9590,7130,234,6859,1142,48,40,437,407,226,260,0,1965,-24,-347,0,0,1189,287,0,0,7994
2025-03-18 21:15,9505,7127,234,6760,1403,48,40,444,411,225,260,0,1959,-24,-302,0,0,1489,195,0,0,7806
2025-03-18 21:20,9428,7130,234,6515,1459,48,40,449,407,224,261,0,1944,-23,-260,0,0,1490,290,0,0,7891
2025-03-18 21:25,9459,7127,234,6220,1609,48,40,449,408,224,261,0,1928,-23,-224,0,0,1720,202,0,0,7913
2025-03-18 21:30,9464,7133,234,6100,1760,48,40,449,406,221,260,0,1889,-22,-241,0,0,1689,333,0,0,7727
2025-03-18 21:35,9451,7130,234,6012,1779,29,40,449,406,220,260,0,1934,-22,-219,0,0,1297,648,0,0,7719
2025-03-18 21:40,9256,7125,234,6024,1573,29,40,449,404,214,260,0,1932,-22,-187,0,0,1129,693,0,0,7691
2025-03-18 21:45,9272,7126,234,6016,1430,29,40,449,405,207,261,0,1934,-22,-171,0,0,965,692,0,0,7434
2025-03-18 21:50,9271,7130,234,5973,1262,29,40,449,398,205,260,0,1931,-22,-251,0,0,990,578,0,0,7273
2025-03-18 21:55,9141,7133,234,5816,1358,29,40,449,398,208,260,0,1912,-21,-261,0,0,1001,649,0,0,7117
2025-03-18 22:00,9221,7133,234,5809,511,29,40,449,396,209,260,0,1898,-21,-271,0,-59,0,882,0,0,7572
2025-03-18 22:05,9557,7128,234,6022,-513,29,40,452,394,204,261,0,1897,-20,-418,0,-1284,0,1164,0,0,8029
2025-03-18 22:10,9588,7125,234,6110,-975,29,40,452,391,205,260,0,1854,-20,-454,0,-1605,0,1154,0,0,8061
2025-03-18 22:15,9462,7130,234,6021,-648,29,40,452,389,201,260,0,1887,-20,-414,0,-1441,0,1187,0,0,7752
2025-03-18 22:20,9436,7131,234,5862,-664,29,40,452,386,200,260,0,1887,-20,-440,0,-1409,0,1256,0,0,7723
2025-03-18 22:25,9435,7130,234,5732,-774,29,40,452,385,199,260,0,1887,-19,-465,0,-1534,0,1274,0,0,7669
2025-03-18 22:30,9442,7126,234,5580,-502,30,40,452,382,195,260,0,1883,-19,-457,0,-1402,0,1395,0,0,7370
2025-03-18 22:35,9454,7124,234,5550,-477,30,40,452,380,194,260,0,1852,-19,-512,0,-1302,0,1420,0,0,7445
2025-03-18 22:40,9449,7128,234,5525,-562,30,40,452,383,183,260,0,1889,-18,-509,0,-1465,0,1412,0,0,7355
2025-03-18 22:45,9423,7132,234,5520,-838,30,40,452,383,166,261,0,1887,-18,-546,0,-1672,0,1419,0,0,7357
2025-03-18 22:50,9388,7129,234,5449,-1073,30,40,453,376,166,260,0,1883,-18,-558,0,-1849,0,1329,0,0,7172
2025-03-18 22:55,9220,7131,234,5398,-911,30,40,453,366,166,259,0,1823,-18,-524,0,-1843,0,1464,0,0,6990
2025-03-18 23:00,9192,7129,234,5361,-1121,30,40,453,359,166,258,0,1860,-18,-546,0,-1938,0,1416,0,0,7018
2025-03-18 23:05,9317,7127,234,5083,-1137,30,40,438,356,157,256,0,1851,-17,-599,0,-2059,0,1586,0,0,7119
2025-03-18 23:10,9224,7129,233,4915,-1009,30,40,438,352,143,257,0,1835,-17,-711,0,-1933,0,1645,0,0,7086
2025-03-18 23:15,9130,7128,233,4649,-870,30,40,438,348,127,257,0,1789,-17,-522,0,-1966,0,1633,0,0,6908
2025-03-18 23:20,9123,7129,234,4461,-992,30,40,438,343,104,259,0,1819,-17,-474,0,-2116,0,1603,0,0,6752
2025-03-18 23:25,9036,7131,234,4309,-1265,29,40,438,341,99,260,0,1820,-17,-484,0,-2396,0,1638,0,0,6783
2025-03-18 23:30,8996,7128,258,4253,-1336,29,40,438,338,95,260,0,1826,-16,-506,0,-2452,0,1614,0,0,6674
2025-03-18 23:35,8980,7124,255,4223,-1107,29,40,438,334,95,258,0,1816,-16,-449,0,-2291,0,1621,0,0,6429
2025-03-18 23:40,8934,7125,259,4130,-1336,29,40,438,333,95,257,0,1813,-16,-442,0,-2442,0,1599,0,0,6460
2025-03-18 23:45,8760,7131,265,4085,-1225,29,40,438,330,94,256,0,1806,-16,-461,0,-2505,0,1678,0,0,6274
2025-03-18 23:50,8099,7131,276,4130,-961,29,40,438,326,85,258,0,1792,-16,-414,0,-2239,0,1698,0,0,6435
2025-03-18 23:55,7995,7130,288,4123,-1126,29,40,438,320,76,258,0,1769,-15,-474,0,-2177,0,1577,0,0,6438
2025-03-19 00:00,7904,7124,300,4166,-1479,29,40,438,306,68,257,0,1655,-15,-476,0,-2186,0,1295,0,0,6705
2025-03-19 00:05,8154,7084,322,3859,-1702,29,40,405,298,67,249,0,1509,-15,-690,0,-2208,0,1392,0,0,6982
2025-03-19 00:10,8602,7036,327,3894,-2236,29,40,405,288,65,245,0,1475,-15,-643,0,-2559,0,1088,0,0,7032
2025-03-19 00:15,8683,6987,335,3616,-1968,29,40,405,281,60,243,0,1453,-15,-660,0,-2483,0,1196,0,0,6950
2025-03-19 00:20,8689,6936,334,3258,-1684,29,40,405,276,52,244,0,1407,-15,-640,0,-2385,0,1365,0,0,7034
2025-03-19 00:25,8654,6890,334,2921,-1759,29,40,405,273,45,240,0,1434,-14,-776,0,-2346,0,1409,0,0,7058
2025-03-19 00:30,8652,6835,334,2755,-1535,29,40,405,272,39,234,0,1432,-14,-785,0,-2258,0,1510,0,0,7071
2025-03-19 00:35,8601,6788,338,2691,-1358,29,41,405,270,39,226,0,1435,-14,-826,0,-2086,0,1543,0,0,6970
2025-03-19 00:40,8569,6731,341,2676,-1457,29,40,405,267,38,219,0,1419,-14,-794,0,-2124,0,1529,0,0,6948
2025-03-19 00:45,8522,6684,344,2660,-1355,29,40,405,264,39,213,0,1422,-14,-850,0,-2033,0,1521,0,0,6848
2025-03-19 00:50,8634,6639,344,2673,-1473,29,40,404,262,39,205,0,1415,-13,-764,0,-1893,0,1270,0,0,6823
2025-03-19 00:55,8630,6587,345,2670,-1677,29,40,404,257,38,195,0,1412,-13,-737,0,-2157,0,1224,0,0,6808
2025-03-19 01:00,8698,6541,343,2716,-1849,29,40,404,249,39,183,0,1387,-13,-702,0,-2551,0,1452,0,0,6768
2025-03-19 01:05,8700,6489,344,2654,-1743,29,40,408,253,29,170,0,1426,-13,-699,0,-2603,0,1566,0,0,6477
2025-03-19 01:10,8695,6444,343,2645,-1664,29,40,408,253,27,159,0,1425,-13,-720,0,-2531,0,1627,0,0,6437
2025-03-19 01:15,8688,6415,344,2556,-1632,29,40,408,250,27,149,0,1420,-13,-803,0,-2406,0,1680,0,0,6217
2025-03-19 01:20,8681,6402,344,2459,-1528,29,40,408,248,28,147,0,1418,-13,-693,0,-2587,0,1791,0,0,6255
2025-03-19 01:25,8697,6404,343,2390,-1476,29,41,408,246,28,148,0,1418,-13,-686,0,-2563,0,1755,0,0,6249
2025-03-19 01:30,8672,6405,344,2412,-1212,29,40,408,245,28,146,0,1416,-13,-710,0,-2270,0,1745,0,0,6187
2025-03-19 01:35,8691,6404,344,2393,-944,29,40,408,245,28,136,0,1418,-12,-712,0,-2075,0,1800,0,0,6153
2025-03-19 01:40,8668,6403,345,2409,-1187,29,40,408,243,28,126,0,1418,-12,-712,0,-2368,0,1940,0,0,6151
2025-03-19 01:45,8586,6404,352,2384,-1159,29,40,408,242,27,121,0,1416,-12,-714,0,-2411,0,2000,0,0,6057
2025-03-19 01:50,8475,6403,369,2384,-931,29,40,402,241,28,121,0,1418,-12,-757,0,-2102,0,2006,0,0,5910
2025-03-19 01:55,8464,6409,384,2382,-1067,29,40,402,238,28,122,0,1418,-12,-689,0,-2474,0,2115,0,0,5884
2025-03-19 02:00,8478,6405,387,2350,-1418,29,40,402,236,28,122,0,1415,-12,-644,0,-2618,0,1816,0,0,5905
2025-03-19 02:05,8399,6399,379,2372,-1444,29,40,405,236,28,122,0,1411,-12,-684,0,-2516,0,1823,0,0,6387
2025-03-19 02:10,8303,6408,381,2362,-1520,29,40,405,237,27,122,0,1415,-12,-725,0,-2555,0,1807,0,0,6551
2025-03-19 02:15,8325,6405,376,2354,-1659,29,40,405,236,28,122,0,1411,-12,-771,0,-2638,0,1806,0,0,6288
2025-03-19 02:20,8295,6403,372,2347,-1480,29,40,405,233,28,122,0,1414,-12,-883,0,-2339,0,1722,0,0,6304
2025-03-19 02:25,8285,6405,358,2345,-1532,29,40,405,233,28,122,0,1371,-12,-865,0,-2444,0,1801,0,0,6307
2025-03-19 02:30,8300,6403,358,2350,-1333,29,40,405,232,27,122,0,1411,-12,-807,0,-2508,0,1989,0,0,6181
2025-03-19 02:35,8253,6407,358,2335,-1266,29,40,405,231,28,122,0,1413,-12,-757,0,-2542,0,2142,0,0,6321
2025-03-19 02:40,8228,6407,363,2351,-1122,29,40,405,233,28,122,0,1412,-11,-647,0,-2560,0,2094,0,0,6289
2025-03-19 02:45,8266,6411,361,2395,-1259,29,40,405,231,28,122,0,1371,-11,-687,0,-2622,0,2105,0,0,6032
2025-03-19 02:50,8277,6409,362,2382,-1194,29,41,405,231,28,124,0,1409,-12,-672,0,-2564,0,2096,0,0,6082
2025-03-19 02:55,8328,6409,367,2336,-1388,29,40,405,230,28,124,0,1410,-12,-770,0,-2673,0,2037,0,0,6015
2025-03-19 03:00,8298,6405,366,2272,-821,29,40,405,228,28,124,0,1409,-12,-697,0,-2357,0,2209,0,0,5796
2025-03-19 03:05,8360,6407,367,2289,-924,29,40,404,229,28,124,0,1383,-12,-723,0,-2512,0,2374,0,0,5700
2025-03-19 03:10,8423,6406,367,2280,-1002,29,40,404,228,28,124,0,1378,-12,-821,0,-2628,0,2504,0,0,5649
2025-03-19 03:15,8463,6407,367,2310,-967,29,40,404,226,28,123,0,1383,-12,-822,0,-2576,0,2541,0,0,5695
2025-03-19 03:20,8582,6405,367,2274,-889,29,40,404,226,28,124,0,1382,-12,-800,0,-2624,0,2584,0,0,5639
2025-03-19 03:25,8542,6408,367,2270,-847,29,40,404,224,28,124,0,1382,-12,-869,0,-2463,0,2561,0,0,5640
2025-03-19 03:30,8589,6407,366,2261,-996,29,40,404,225,28,124,0,1383,-12,-856,0,-2789,0,2616,0,0,5596
2025-03-19 03:35,8550,6406,368,2257,-689,29,40,404,227,28,123,0,1385,-12,-739,0,-2589,0,2641,0,0,5549
2025-03-19 03:40,8525,6409,367,2268,-475,29,40,404,228,28,124,0,1382,-12,-659,0,-2470,0,2676,0,0,5564
2025-03-19 03:45,8504,6410,367,2264,-733,18,40,404,226,28,124,0,1384,-12,-652,0,-2679,0,2602,0,0,5495
2025-03-19 03:50,8469,6414,367,2194,-623,18,40,404,225,27,124,0,1383,-12,-711,0,-2428,0,2495,0,0,5650
2025-03-19 03:55,8441,6412,367,2115,-718,18,40,404,223,28,124,0,1383,-12,-759,0,-2359,0,2451,0,0,5573
2025-03-19 04:00,8364,6414,367,2091,-770,18,40,404,222,28,124,0,1386,-12,-806,0,-2452,0,2472,0,0,5575
2025-03-19 04:05,8374,6414,367,2150,-680,18,40,405,220,28,124,0,1387,-11,-712,0,-2396,0,2485,0,0,5856
2025-03-19 04:10,8399,6414,368,2171,-878,18,41,405,217,28,124,0,1389,-11,-785,0,-2582,0,2539,0,0,5950
2025-03-19 04:15,8451,6417,368,2164,-781,18,40,405,216,28,124,0,1391,-11,-846,0,-2451,0,2543,0,0,5966
2025-03-19 04:20,8454,6410,368,2120,-961,18,40,405,216,28,124,0,1380,-11,-848,0,-2694,0,2587,0,0,5909
2025-03-19 04:25,8546,6416,368,2083,-680,18,40,405,218,28,124,0,1388,-11,-762,0,-2558,0,2598,0,0,5863
2025-03-19 04:30,8522,6410,367,2077,-704,18,40,405,218,28,124,0,1353,-11,-773,0,-2574,0,2680,0,0,5860
2025-03-19 04:35,8519,6411,367,2052,-552,18,40,405,216,28,124,0,1391,-11,-735,0,-2609,0,2762,0,0,5824
2025-03-19 04:40,8513,6411,367,2057,-599,18,41,405,218,28,124,0,1375,-11,-685,0,-2658,0,2747,0,0,5660
2025-03-19 04:45,8579,6411,368,2062,-652,18,40,405,217,28,124,0,1390,-11,-752,0,-2696,0,2783,0,0,5715
2025-03-19 04:50,8666,6413,367,2075,-502,17,40,395,217,29,123,0,1384,-11,-849,0,-2482,0,2803,0,0,5613
2025-03-19 04:55,8655,6409,367,2115,-552,17,40,395,218,29,124,0,1126,-11,-774,0,-2585,0,2865,0,0,5755
2025-03-19 05:00,8579,6412,367,2098,-277,18,40,395,217,28,124,0,1384,-11,-764,0,-2570,0,3061,0,0,5616
2025-03-19 05:05,8467,6415,369,2173,28,17,40,403,217,29,124,0,1390,-12,-856,0,-2180,0,3064,0,0,5494
2025-03-19 05:10,8581,6414,368,2293,92,17,40,403,219,29,124,0,1391,-12,-780,0,-2430,0,3279,0,0,5515
2025-03-19 05:15,8587,6413,367,2287,168,17,40,403,219,28,124,0,1392,-12,-831,0,-2327,0,3316,0,0,5587
2025-03-19 05:20,8583,6409,367,2359,59,17,41,403,220,28,124,0,1392,-12,-898,0,-2391,0,3388,0,0,5553
2025-03-19 05:25,8633,6411,367,2375,57,17,31,403,220,29,123,0,1392,-12,-846,0,-2382,0,3317,0,0,5533
2025-03-19 05:30,8620,6413,368,2421,76,17,31,403,219,29,124,0,1393,-12,-726,0,-2449,0,3264,0,0,5532
2025-03-19 05:35,8677,6416,367,2387,-24,17,31,403,223,29,124,0,1393,-12,-811,0,-2548,0,3373,0,0,5549
2025-03-19 05:40,8695,6412,367,2421,138,18,31,403,221,28,124,0,1398,-12,-832,0,-2413,0,3412,0,0,5575
2025-03-19 05:45,8719,6407,367,2479,-281,18,31,403,222,28,124,0,1402,-12,-919,0,-2693,0,3403,0,0,5574
2025-03-19 05:50,8615,6412,367,2426,111,18,31,403,222,28,124,0,1400,-12,-638,0,-2609,0,3367,0,0,5447
2025-03-19 05:55,8621,6413,367,2440,328,18,31,403,221,29,124,0,1340,-12,-506,0,-2453,0,3360,0,0,5355
2025-03-19 06:00,8644,6412,367,2475,212,17,31,403,222,28,124,0,1401,-13,-407,0,-2270,0,2852,0,0,5567
2025-03-19 06:05,8726,6413,367,2548,-214,17,31,394,225,29,123,0,1415,-13,-418,0,-2244,0,2519,0,0,6252
2025-03-19 06:10,8469,6413,366,2681,-143,17,31,394,226,29,124,0,1433,-14,-268,0,-2145,0,2408,0,0,6593
2025-03-19 06:15,8596,6407,367,2686,-171,17,31,394,228,30,126,0,1421,-14,-80,0,-2460,0,2410,0,0,6529
2025-03-19 06:20,8459,6412,367,2784,258,17,31,401,227,30,124,0,1463,-14,-76,0,-2142,0,2521,0,0,6484
2025-03-19 06:25,8520,6414,367,2795,352,17,31,401,228,31,124,0,1468,-14,-48,0,-2138,0,2675,0,0,6454
2025-03-19 06:30,8597,6407,367,2830,397,17,31,401,227,31,125,0,1470,-15,0,0,-2197,0,2593,55,0,6485
2025-03-19 06:35,8817,6410,367,2915,486,17,31,404,230,33,124,0,1433,-15,0,0,-2177,0,2615,139,0,6518
2025-03-19 06:40,9150,6413,367,2927,304,17,31,404,233,33,123,0,1471,-15,0,0,-2442,0,2770,31,0,6603
2025-03-19 06:45,9418,6411,367,2981,254,17,30,404,234,34,124,0,1480,-16,0,0,-2514,0,2774,86,0,6560
2025-03-19 06:50,9570,6412,370,2998,413,17,31,403,235,36,124,0,1463,-16,0,0,-2455,0,2818,34,0,6263
2025-03-19 06:55,9639,6411,375,3040,733,17,31,403,238,37,125,0,1442,-17,0,0,-2150,0,2812,89,0,6251
2025-03-19 07:00,9840,6413,381,3233,187,17,31,403,237,36,127,0,1488,-18,-142,0,-2504,0,2819,0,0,6786
2025-03-19 07:05,9798,6415,380,3312,79,19,31,402,242,37,123,0,1485,-18,-106,0,-2375,0,2697,0,0,7146
2025-03-19 07:10,9921,6415,380,3466,109,20,31,402,248,38,126,0,1488,-19,-140,0,-2434,0,2726,0,0,7154
2025-03-19 07:15,9988,6408,380,3441,368,27,31,402,251,37,135,0,1469,-19,-124,0,-2131,0,2562,0,0,6980
2025-03-19 07:20,10116,6410,381,3371,396,48,31,400,252,37,139,0,1490,-19,-139,0,-2164,0,2674,0,0,6987
2025-03-19 07:25,10463,6409,382,3249,455,85,31,400,257,38,142,0,1492,-19,-43,0,-2175,0,2720,0,0,6696
2025-03-19 07:30,10629,6403,382,3251,718,148,30,400,258,37,143,0,1490,-20,0,0,-2247,0,2837,121,0,6467
2025-03-19 07:35,10720,6404,380,3247,533,255,30,398,261,40,148,0,1491,-20,0,0,-2205,0,2746,29,0,6706
2025-03-19 07:40,10845,6401,380,3267,614,420,32,398,256,45,156,0,1486,-21,-8,0,-2092,0,2720,0,0,6492
2025-03-19 07:45,10858,6402,381,3264,325,630,32,398,262,48,163,0,1487,-21,-15,0,-1947,0,2380,0,0,6511
2025-03-19 07:50,10965,6397,383,3240,210,909,33,398,265,55,168,0,1482,-21,-67,0,-2240,0,2578,0,0,6481
2025-03-19 07:55,11077,6402,388,3246,113,1238,33,398,267,61,171,0,1492,-21,-238,0,-2031,0,2414,0,0,6358
2025-03-19 08:00,11047,6397,392,3260,-521,1670,34,398,276,62,172,0,1462,-22,-501,0,-2339,0,2464,0,0,6431
2025-03-19 08:05,10940,6363,395,3372,-646,2096,34,388,281,61,177,0,1420,-22,-427,0,-2809,0,2714,0,0,6531
2025-03-19 08:10,10680,6303,394,3528,-218,2544,34,388,286,62,182,0,1370,-23,-576,0,-2333,0,2677,0,0,6291
2025-03-19 08:15,10388,6251,394,3538,-51,3064,34,392,288,62,191,0,1363,-23,-633,0,-1991,0,2625,0,0,6296
2025-03-19 08:20,10058,6183,394,3542,-672,3624,34,391,289,61,198,0,1331,-23,-709,0,-2119,0,2268,0,0,6605
2025-03-19 08:25,9907,6114,394,3506,-767,4201,34,391,292,62,202,0,1365,-23,-609,0,-2334,0,2296,0,0,6511
2025-03-19 08:30,9841,6040,395,3421,-702,4676,34,391,292,64,205,0,1357,-23,-684,0,-2277,0,2260,0,0,6175
2025-03-19 08:35,9864,5987,395,3440,-1047,5071,34,387,291,65,208,0,1358,-23,-675,0,-2291,0,1992,0,0,6259
2025-03-19 08:40,9874,5909,396,3447,-1059,5537,34,387,291,63,210,0,1316,-23,-748,0,-2222,0,1941,0,0,5973
2025-03-19 08:45,9753,5877,393,3416,-1281,6077,34,387,293,64,211,0,1338,-23,-663,0,-2316,0,1737,0,0,5780
2025-03-19 08:50,9544,5848,395,3341,-1263,6294,34,387,292,64,210,0,1325,-23,-626,0,-2220,0,1610,0,0,5829
2025-03-19 08:55,9462,5833,394,3266,-1298,6728,34,387,294,64,210,0,1305,-24,-638,0,-2271,0,1609,0,0,5709
2025-03-19 09:00,9405,5816,394,3310,-1704,7100,34,387,291,63,211,0,1223,-24,-681,0,-2154,0,1201,0,0,5741
2025-03-19 09:05,9909,5810,394,2916,-2463,8158,34,330,295,65,211,0,1208,-24,-597,0,-2740,0,827,0,0,5567
2025-03-19 09:10,10261,5791,395,2479,-2763,9042,34,330,292,64,211,0,1181,-24,-704,0,-2687,0,710,0,0,5482
2025-03-19 09:15,10268,5762,394,2330,-3053,9764,34,330,292,69,211,0,1169,-24,-836,0,-2508,0,268,0,0,5203
2025-03-19 09:20,10312,5741,394,2210,-3307,10264,14,333,295,74,210,0,1111,-24,-775,0,-2854,0,412,0,0,5175
2025-03-19 09:25,10296,5719,396,2128,-3157,10600,25,333,293,70,208,0,1067,-24,-839,0,-2298,0,72,0,0,5138
2025-03-19 09:30,10419,5699,395,2043,-3328,11030,35,333,289,71,207,0,1146,-24,-742,0,-2521,0,79,0,0,5146
2025-03-19 09:35,10393,5699,394,1940,-3256,10840,50,333,283,73,210,0,1150,-24,-845,-111,-2239,0,0,0,0,5640
2025-03-19 09:40,10618,5668,394,1913,-3482,11165,64,333,272,81,208,0,1155,-24,-944,-152,-2290,0,0,0,0,5482
2025-03-19 09:45,10600,5654,394,1981,-3530,11368,102,329,269,76,202,0,1154,-24,-873,-98,-2490,0,0,0,0,5087
2025-03-19 09:50,10449,5663,394,2077,-3182,11177,152,329,267,78,196,0,1152,-24,-727,-104,-2238,0,0,0,0,4984
2025-03-19 09:55,10462,5668,393,2077,-3085,11292,185,329,259,81,191,0,1137,-24,-812,-82,-2120,0,0,0,0,4871
2025-03-19 10:00,10451,5660,394,2068,-2944,11609,216,329,253,87,191,0,1137,-25,-828,-75,-1960,0,0,0,0,4590
2025-03-19 10:05,10129,5650,393,1894,-3215,12706,238,318,252,81,190,0,1129,-24,-929,0,-2318,0,75,0,0,4364
2025-03-19 10:10,10252,5657,394,1745,-3426,12809,274,318,249,70,184,0,1131,-24,-832,0,-2673,0,155,0,0,4288
2025-03-19 10:15,10260,5646,394,1732,-3224,12779,318,318,247,71,174,0,1135,-25,-667,0,-2742,0,110,0,0,4421
2025-03-19 10:20,10085,5657,395,1723,-2687,12832,355,318,243,78,167,0,1134,-25,-617,0,-2268,0,233,0,0,4384
2025-03-19 10:25,10175,5664,394,1711,-3204,13190,384,318,240,82,160,0,1097,-25,-795,0,-2305,0,34,0,0,4321
2025-03-19 10:30,10249,5668,394,1697,-3127,13075,407,318,247,84,152,0,1132,-25,-903,0,-2281,0,54,0,0,4292
2025-03-19 10:35,10339,5660,396,1722,-3014,12886,439,318,248,89,144,0,1134,-25,-841,0,-2107,0,9,0,0,4201
2025-03-19 10:40,10436,5662,392,1699,-3055,12726,472,318,246,82,136,0,1137,-25,-892,0,-2160,0,7,0,0,4356
2025-03-19 10:45,10484,5666,394,1683,-2936,12203,499,318,254,87,133,0,1139,-25,-690,0,-2306,0,43,0,0,4369
2025-03-19 10:50,10539,5666,394,1669,-3314,12449,535,318,255,83,129,0,1137,-25,-823,0,-2417,0,17,0,0,4259
2025-03-19 10:55,10471,5667,394,1653,-3029,12471,566,318,256,85,126,0,1136,-25,-806,-2,-2294,0,0,0,0,4096
2025-03-19 11:00,9932,5667,394,1655,-3253,12858,589,318,248,83,120,0,1132,-25,-887,0,-2369,0,136,0,0,4122
2025-03-19 11:05,8986,5659,394,1661,-1840,12849,623,303,251,85,115,0,1136,-24,-766,0,-1279,0,250,0,0,4097
2025-03-19 11:10,8814,5662,394,1714,-1916,12915,652,303,239,77,110,0,1134,-24,-616,0,-1395,0,106,0,0,4142
2025-03-19 11:15,9009,5655,395,1751,-2445,12984,678,303,229,69,110,0,1133,-24,-769,0,-1614,0,36,0,0,4186
2025-03-19 11:20,9076,5645,394,1685,-2745,12969,696,303,231,67,109,0,1136,-24,-807,0,-1948,0,40,0,0,4138
2025-03-19 11:25,9122,5660,395,1639,-3007,13279,701,303,227,66,106,0,1134,-24,-786,-128,-2101,0,0,0,0,4084
2025-03-19 11:30,9239,5656,395,1652,-2824,13225,692,303,224,62,104,0,1134,-24,-819,-177,-1782,0,0,0,0,4073
2025-03-19 11:35,9236,5646,394,1693,-2540,12970,709,303,223,66,103,0,1130,-24,-885,-336,-1300,0,0,0,0,4004
2025-03-19 11:40,9258,5663,394,1722,-2536,12861,721,303,222,65,101,0,1127,-24,-800,-477,-1249,0,0,0,0,3969
2025-03-19 11:45,9224,5657,394,1643,-2367,12412,747,303,217,64,102,0,1128,-24,-869,-449,-1023,0,0,0,0,3889
2025-03-19 11:50,9208,5640,394,1564,-2304,12533,772,299,222,67,102,0,1126,-24,-879,-257,-1131,0,0,0,0,3877
2025-03-19 11:55,9201,5658,394,1580,-1829,12497,784,299,221,68,102,0,1112,-23,-655,-184,-1047,0,0,0,0,3540
2025-03-19 12:00,9161,5657,394,1582,-2550,12496,802,299,218,64,102,0,1129,-24,-755,-465,-1282,0,0,0,0,4027
2025-03-19 12:05,9169,5655,395,1594,-2990,12782,825,333,216,66,103,0,1117,-24,-888,-826,-1238,0,0,0,0,4058
2025-03-19 12:10,9237,5653,395,1618,-2930,12762,855,333,208,60,102,0,1089,-24,-920,-946,-1049,0,0,0,0,4028
2025-03-19 12:15,9145,5658,395,1632,-2840,12780,858,333,207,65,103,0,1126,-24,-868,-934,-927,0,0,0,0,3943
2025-03-19 12:20,8727,5659,394,1633,-2012,12905,860,294,210,65,102,0,1126,-24,-776,-1016,-285,0,0,0,0,3848
2025-03-19 12:25,8807,5656,394,1603,-1958,12810,859,294,218,62,104,0,1126,-24,-688,-962,-437,0,0,0,0,3759
2025-03-19 12:30,8783,5654,394,1595,-2179,12852,855,294,215,60,103,0,1116,-24,-726,-977,-494,0,0,0,0,3729
2025-03-19 12:35,8829,5657,395,1577,-2327,12782,866,294,210,63,102,0,1042,-24,-712,-1100,-508,0,0,0,0,3861
2025-03-19 12:40,8977,5657,395,1587,-2509,13028,865,294,213,63,103,0,1115,-24,-764,-999,-698,0,0,0,0,3771
2025-03-19 12:45,9172,5674,394,1586,-2432,12677,864,294,209,66,104,0,1114,-25,-774,-1141,-425,0,0,0,0,3823
2025-03-19 12:50,9414,5657,394,1556,-2267,12342,861,294,210,63,102,0,1114,-25,-716,-1233,-376,0,0,0,0,3755
2025-03-19 12:55,9491,5659,394,1563,-2217,12410,859,294,209,65,101,0,1102,-25,-702,-1225,-293,0,0,0,0,3440
2025-03-19 13:00,9065,5659,395,1551,-1891,12193,857,294,209,63,102,0,1116,-25,-769,-1160,0,40,0,0,0,3702
2025-03-19 13:05,8746,5655,394,1563,-1878,12659,851,290,208,66,102,0,1114,-25,-698,-1090,-67,0,0,0,0,3626
2025-03-19 13:10,8644,5654,394,1566,-1745,12863,835,290,212,67,104,0,1108,-25,-735,-1040,0,41,0,0,0,3492
2025-03-19 13:15,8924,5660,395,1615,-1984,12643,830,290,209,68,104,0,1062,-24,-653,-1141,-71,0,0,0,0,3540
2025-03-19 13:20,8846,5658,394,1595,-1519,12599,816,290,212,68,102,0,1109,-24,-679,-1184,0,376,0,0,0,3531
2025-03-19 13:25,8822,5658,395,1595,-1616,12542,797,290,206,68,103,0,1112,-24,-698,-980,0,38,0,0,0,3558
2025-03-19 13:30,8964,5658,394,1602,-2115,12840,786,290,208,68,103,0,1114,-24,-810,-1038,-302,0,0,0,0,3526
2025-03-19 13:35,9115,5655,396,1594,-2315,12897,770,291,205,68,102,0,1116,-24,-791,-995,-537,0,0,0,0,3594
2025-03-19 13:40,8997,5658,395,1576,-2567,12984,753,291,209,65,103,0,1117,-23,-878,-907,-724,0,0,0,0,3737
2025-03-19 13:45,9189,5656,395,1617,-2228,12511,742,290,211,69,103,0,1120,-24,-758,-862,-623,0,0,0,0,3678
2025-03-19 13:50,8943,5660,394,1655,-2070,12437,734,289,207,65,105,0,1110,-24,-743,-719,-449,0,0,0,0,3651
2025-03-19 13:55,8989,5659,392,1674,-2103,12446,731,289,208,68,104,0,1111,-24,-798,-727,-532,0,0,0,0,3647
2025-03-19 14:00,9003,5661,395,1784,-2246,12135,726,289,207,67,103,0,1103,-24,-687,-742,-907,0,0,0,0,3586
2025-03-19 14:05,8145,5661,396,1919,-2004,13159,724,302,206,69,104,0,1115,-24,-639,-669,-750,0,0,0,0,3712
2025-03-19 14:10,7769,5658,395,1983,-1858,13184,712,302,208,72,104,0,1115,-23,-675,-608,-460,0,0,0,0,4043
2025-03-19 14:15,7874,5659,395,1936,-2168,13198,708,302,207,75,104,0,1109,-23,-687,-646,-723,0,0,0,0,3986
2025-03-19 14:20,7740,5661,395,1851,-2138,13399,719,300,211,77,103,0,1076,-23,-807,-643,-693,0,0,0,0,3911
2025-03-19 14:25,7777,5658,395,1814,-2180,13380,704,300,208,75,102,0,1110,-22,-776,-672,-780,0,0,0,0,3930
2025-03-19 14:30,8231,5659,395,1794,-2768,13554,690,300,211,77,103,0,1111,-22,-798,-590,-1406,0,0,0,0,3976
2025-03-19 14:35,8537,5660,395,1776,-2530,13184,667,328,209,73,102,0,1112,-23,-819,-784,-865,0,0,0,0,3987
2025-03-19 14:40,8747,5660,395,1768,-3100,13156,654,328,216,72,103,0,1114,-22,-807,-815,-1450,0,0,0,0,3971
2025-03-19 14:45,8851,5660,395,1764,-3300,13030,646,328,216,70,103,0,1017,-22,-726,-746,-1701,0,0,0,0,3963
2025-03-19 14:50,8671,5663,395,1736,-2456,12670,619,328,214,74,103,0,1116,-23,-593,-788,-1091,0,0,0,0,3925
2025-03-19 14:55,8829,5659,395,1728,-2754,12749,609,328,216,67,103,0,1119,-23,-598,-630,-1458,0,0,0,0,3945
2025-03-19 15:00,9661,5663,395,1716,-2808,12022,605,328,214,70,102,0,1113,-23,-655,-781,-1380,0,0,0,0,4009
2025-03-19 15:05,9585,5664,395,1700,-2058,11627,602,325,214,73,102,0,1114,-23,-674,-816,-609,0,0,0,0,3827
2025-03-19 15:10,9618,5662,394,1713,-2115,11727,597,325,215,74,102,0,1108,-22,-631,-991,-446,0,0,0,0,3848
2025-03-19 15:15,9308,5662,395,1727,-2751,12262,597,325,216,73,103,0,1116,-23,-655,-1030,-1077,0,0,0,0,4058
2025-03-19 15:20,9267,5662,395,1722,-2264,11981,585,325,213,75,102,0,1125,-23,-675,-1157,-450,0,0,0,0,4123
2025-03-19 15:25,9404,5662,395,1747,-2334,11500,583,325,215,74,102,0,1127,-23,-757,-1004,-581,0,0,0,0,4158
2025-03-19 15:30,9517,5660,394,1743,-2782,11671,567,325,214,73,105,0,1121,-22,-753,-1042,-946,0,0,0,0,4269
2025-03-19 15:35,9666,5661,394,1698,-2859,11584,563,327,212,72,102,0,1123,-22,-677,-1065,-1064,0,0,0,0,4382
2025-03-19 15:40,9817,5663,395,1692,-3062,11476,549,327,209,80,102,0,1126,-22,-598,-1028,-1383,0,0,0,0,4267
2025-03-19 15:45,9946,5664,395,1703,-3540,11741,541,327,212,82,101,0,1119,-22,-750,-866,-1953,0,0,0,0,4223
2025-03-19 15:50,10089,5662,394,1695,-3169,11706,521,339,208,82,103,0,1128,-22,-733,-928,-1465,0,0,0,0,4227
2025-03-19 15:55,10094,5660,395,1751,-3106,11384,502,339,208,81,104,0,1124,-21,-710,-976,-1404,0,0,0,0,4421
2025-03-19 16:00,10312,5663,395,1725,-3144,11148,474,339,206,82,103,0,1122,-21,-824,-898,-1493,0,0,0,0,4367
2025-03-19 16:05,10932,5667,393,1726,-3194,11027,449,326,209,81,100,0,1079,-21,-782,-761,-1580,0,0,0,0,4278
2025-03-19 16:10,11095,5669,394,1732,-3389,10857,430,326,206,78,103,0,1113,-21,-805,-734,-1823,0,0,0,0,4365
2025-03-19 16:15,11154,5667,394,1693,-3475,10578,417,326,208,78,102,0,1114,-21,-834,-773,-1779,0,0,0,0,4446
2025-03-19 16:20,10915,5664,395,1701,-3085,10551,407,325,211,81,103,0,1112,-21,-834,-722,-1538,0,0,0,0,4470
2025-03-19 16:25,10999,5665,396,1726,-3440,10610,397,325,207,80,104,0,1114,-21,-892,-737,-1762,0,0,0,0,4452
2025-03-19 16:30,10822,5665,395,1743,-3033,10265,395,325,206,81,105,0,1116,-21,-883,-664,-1450,0,0,0,0,4574
2025-03-19 16:35,10907,5669,395,1740,-2821,9829,394,338,209,81,105,0,1118,-21,-756,-470,-1546,0,0,0,0,4617
2025-03-19 16:40,10871,5667,395,1752,-3034,9969,391,338,208,80,104,0,1114,-21,-751,-589,-1620,0,0,0,0,4688
2025-03-19 16:45,10946,5667,395,1763,-3368,10127,405,338,210,80,105,0,1118,-21,-932,-557,-1848,0,0,0,0,4609
2025-03-19 16:50,10995,5666,395,1783,-2723,10037,431,342,206,82,104,0,1118,-21,-905,-522,-1258,0,0,0,0,4306
2025-03-19 16:55,11027,5670,394,1811,-2923,10113,458,342,206,80,103,0,1120,-21,-891,-516,-1514,0,0,0,0,4396
2025-03-19 17:00,11092,5665,395,1848,-3104,9887,487,342,210,81,105,0,1118,-21,-730,-468,-1820,0,0,0,0,4340
2025-03-19 17:05,11228,5673,394,1872,-3044,10013,506,310,212,78,105,0,1116,-21,-722,-655,-1622,0,0,0,0,3902
2025-03-19 17:10,11173,5670,394,1915,-3044,9714,496,310,223,70,104,0,1084,-21,-703,-527,-1740,0,0,0,0,4078
2025-03-19 17:15,11515,5671,394,1951,-3040,9532,493,310,221,65,105,0,1076,-21,-850,-399,-1913,0,0,0,0,4187
2025-03-19 17:20,11624,5668,396,1970,-2941,9060,494,310,223,64,104,0,1115,-21,-814,-443,-1694,0,0,0,0,4338
2025-03-19 17:25,12042,5669,394,2043,-3014,8576,499,310,225,57,104,0,1114,-21,-748,-420,-1799,0,0,0,0,4449
2025-03-19 17:30,12205,5671,394,2079,-2823,8111,480,310,224,61,104,0,1117,-21,-764,-552,-1495,0,0,0,0,4424
2025-03-19 17:35,12309,5674,395,2172,-2608,7382,476,310,231,62,104,0,1118,-21,-919,-414,-1230,0,0,0,0,5119
2025-03-19 17:40,12948,5669,395,2241,-2804,6921,475,310,234,64,104,0,1121,-21,-891,-383,-1535,0,0,0,0,5181
2025-03-19 17:45,13015,5670,395,2321,-2916,6594,470,310,236,63,106,0,1124,-22,-878,-287,-1698,0,0,0,0,5308
2025-03-19 17:50,13501,5667,395,2311,-2977,5981,450,342,238,63,105,0,1125,-22,-796,-193,-1980,0,0,0,0,5317
2025-03-19 17:55,13785,5671,395,2370,-2892,5478,437,342,244,65,106,0,1127,-22,-745,-170,-1952,0,0,0,0,5384
2025-03-19 18:00,13823,5668,395,2421,-2169,5010,420,342,255,61,102,0,1129,-22,-493,0,-2009,0,354,0,0,5371
2025-03-19 18:05,14240,5673,395,2455,-1703,4666,400,333,259,60,102,0,1127,-22,-373,0,-1629,0,256,0,0,4879
2025-03-19 18:10,14331,5672,395,2507,-1952,4285,384,333,257,57,103,0,1156,-22,-329,0,-1888,0,336,0,0,4856
2025-03-19 18:15,14569,5671,395,2563,-1525,3680,375,333,258,60,102,0,1130,-22,-423,0,-1699,0,574,0,0,4911
2025-03-19 18:20,14622,5669,395,2592,-1475,3220,360,333,268,62,102,0,1169,-22,-409,0,-1766,0,793,0,0,5260
2025-03-19 18:25,14619,5668,395,2686,-1424,2932,347,333,271,62,102,0,1176,-23,-515,0,-1791,0,921,0,0,5590
2025-03-19 18:30,14620,5670,395,2796,-1361,2432,329,333,274,63,105,0,1170,-22,-646,0,-1814,0,1014,0,0,6004
2025-03-19 18:35,14670,5673,395,2950,-1031,2009,327,333,281,62,106,0,1176,-23,-738,0,-1508,0,1309,0,0,6023
2025-03-19 18:40,15062,5674,395,3146,-1338,1679,321,333,290,63,104,0,1178,-23,-792,0,-1721,0,1223,0,0,6136
2025-03-19 18:45,15167,5674,395,3109,-788,1376,320,333,298,64,102,0,1179,-23,-749,0,-1674,0,1594,0,0,6141
2025-03-19 18:50,15555,5677,396,3123,-454,1115,315,333,302,62,103,0,1167,-23,-637,0,-1826,0,1983,0,0,5723
2025-03-19 18:55,15425,5676,395,3158,-118,896,309,333,303,69,106,0,1149,-23,-647,0,-1501,0,2066,0,0,5709
2025-03-19 19:00,15270,5671,395,3432,-571,686,305,333,304,74,108,0,1193,-23,-715,0,-1889,0,2031,0,0,6434
2025-03-19 19:05,15293,5670,395,3644,-1015,507,299,349,309,74,110,0,1205,-23,-849,0,-1944,0,1892,0,0,6665
2025-03-19 19:10,15766,5672,396,3693,-1732,353,293,349,312,65,114,0,1214,-23,-859,0,-2926,0,2060,0,0,6620
2025-03-19 19:15,15236,5674,395,3744,-851,239,287,349,315,63,117,0,1212,-24,-926,0,-1973,0,2016,0,0,6418
2025-03-19 19:20,14712,5675,393,3813,-494,158,275,349,319,64,119,0,1199,-24,-846,0,-1651,0,2044,0,0,6415
2025-03-19 19:25,14946,5674,394,3840,-716,101,269,349,322,63,126,0,1199,-24,-790,0,-1905,0,1990,0,0,6424
2025-03-19 19:30,15025,5671,394,3868,-349,77,256,349,324,82,134,0,1199,-24,-767,0,-1542,0,1995,0,0,6495
2025-03-19 19:35,15319,5670,395,3892,-690,62,254,349,325,92,140,0,1202,-24,-735,0,-1893,0,1918,0,0,6600
2025-03-19 19:40,15427,5671,395,3838,-325,59,251,349,322,104,142,0,1168,-24,-843,0,-1468,0,1997,0,0,6553
2025-03-19 19:45,15594,5672,394,3932,-333,57,246,349,322,109,141,0,1204,-24,-798,0,-1509,0,2000,0,0,6745
2025-03-19 19:50,15709,5673,394,3927,12,52,242,349,329,112,141,0,1203,-24,-711,0,-1235,0,1997,0,0,6641
2025-03-19 19:55,15670,5671,394,3973,240,51,234,349,332,125,140,0,1200,-24,-584,0,-1139,0,2011,0,0,6561
2025-03-19 20:00,15801,5674,395,3974,-146,49,223,349,334,138,140,0,1169,-24,-467,0,-1773,0,2090,0,0,6333
2025-03-19 20:05,16282,5671,395,4003,-497,36,213,348,336,147,141,0,1222,-24,-353,0,-1831,0,1738,0,0,6371
2025-03-19 20:10,16490,5673,395,3991,-242,36,195,348,344,157,145,0,1251,-24,-496,0,-1577,0,1740,0,0,6204
2025-03-19 20:15,16466,5671,395,3998,-439,36,179,348,344,151,149,0,1250,-24,-519,0,-1633,0,1759,0,0,6396
2025-03-19 20:20,16263,5672,395,3997,-74,35,173,349,348,151,150,0,1216,-24,-535,0,-1620,0,2143,0,0,6462
2025-03-19 20:25,16310,5675,394,4022,-2,35,162,349,352,154,150,0,1233,-24,-595,0,-1473,0,2094,0,0,6448
2025-03-19 20:30,16445,5674,395,4060,-163,35,151,349,353,154,154,0,1250,-24,-663,0,-1620,0,2143,0,0,6489
2025-03-19 20:35,16251,5678,394,4069,-25,35,135,349,358,167,161,0,1251,-24,-801,0,-1477,0,2165,0,0,6594
2025-03-19 20:40,16058,5674,394,4074,184,33,132,349,358,169,170,0,1251,-24,-813,0,-1119,0,2133,0,0,6707
2025-03-19 20:45,16108,5674,395,4077,-115,33,128,349,359,187,174,0,1249,-24,-836,0,-1324,0,2118,0,0,6706
2025-03-19 20:50,16169,5672,395,4044,112,33,118,349,358,191,180,0,1248,-23,-735,0,-1378,0,2237,0,0,6713
2025-03-19 20:55,16217,5668,395,4027,215,33,108,349,360,195,184,0,1253,-23,-753,0,-1172,0,2168,0,0,6655
2025-03-19 21:00,16097,5671,395,4028,5,33,81,349,352,198,190,0,1252,-23,-763,0,-1001,0,1900,0,0,6648
2025-03-19 21:05,16567,5670,396,4027,-735,33,68,356,356,199,194,0,1212,-23,-737,0,-1863,0,1958,0,0,6796
2025-03-19 21:10,16791,5671,389,4021,-1198,33,65,356,355,196,198,0,1247,-22,-737,0,-2219,0,1869,0,0,7060
2025-03-19 21:15,16749,5669,384,4038,-1111,33,65,356,355,198,197,0,1246,-23,-771,0,-2110,0,1807,0,0,7091
2025-03-19 21:20,16815,5673,380,3947,-1234,33,64,354,353,196,197,0,1239,-22,-781,0,-2208,0,1838,0,0,7108
2025-03-19 21:25,16818,5674,381,3881,-1291,33,63,354,357,195,197,0,1238,-23,-711,0,-2235,0,1682,0,0,7018
2025-03-19 21:30,16718,5671,381,3831,-1243,33,63,354,356,195,197,0,1240,-22,-685,0,-2247,0,1713,0,0,6838
2025-03-19 21:35,16898,5671,380,3859,-1540,33,60,354,353,197,197,0,1229,-22,-712,0,-2472,0,1706,0,0,6775
2025-03-19 21:40,16782,5673,381,3797,-1370,33,58,354,352,199,196,0,1240,-21,-773,0,-2215,0,1666,0,0,6572
2025-03-19 21:45,16672,5669,380,3790,-1408,33,45,354,350,197,197,0,1230,-22,-803,0,-2133,0,1601,0,0,6522
2025-03-19 21:50,16752,5670,381,3771,-1482,33,37,352,351,197,197,0,1234,-21,-830,0,-2226,0,1562,0,0,6267
2025-03-19 21:55,16473,5669,381,3748,-1656,33,21,352,344,192,197,0,1231,-21,-823,0,-2344,0,1548,0,0,6233
2025-03-19 22:00,16249,5674,381,3783,-1904,33,20,352,339,195,197,0,1233,-21,-832,0,-2411,0,1438,0,0,6212
2025-03-19 22:05,16531,5669,378,3841,-2342,33,20,338,335,191,198,0,1171,-20,-821,0,-2384,0,928,0,0,6172
2025-03-19 22:10,16572,5668,373,3822,-2425,33,20,338,341,179,198,0,1203,-20,-847,0,-2477,0,946,0,0,6123
2025-03-19 22:15,16500,5670,368,3851,-2546,33,20,338,342,178,197,0,1210,-20,-831,0,-2351,0,650,0,0,6059
2025-03-19 22:20,16485,5673,368,3842,-2811,33,20,338,339,174,197,0,1198,-20,-843,0,-2280,0,389,0,0,6008
2025-03-19 22:25,16427,5670,367,3815,-2888,33,20,338,340,173,198,0,1194,-19,-810,0,-2432,0,368,0,0,5892
2025-03-19 22:30,16260,5671,367,3805,-2807,33,20,338,339,170,198,0,1159,-19,-804,0,-2338,0,371,0,0,5878
2025-03-19 22:35,16397,5671,367,3791,-2952,33,20,340,332,165,197,0,1210,-19,-802,0,-2513,0,348,0,0,6014
2025-03-19 22:40,16197,5667,367,3777,-2992,33,20,340,329,159,198,0,1210,-18,-824,0,-2395,0,314,0,0,6201
2025-03-19 22:45,16109,5672,367,3769,-2972,33,20,340,327,158,198,0,1201,-18,-792,0,-2446,0,303,0,0,6119
2025-03-19 22:50,15326,5672,367,3771,-2746,33,20,340,327,163,198,0,1199,-18,-779,0,-2277,0,433,0,0,6341
2025-03-19 22:55,15153,5670,367,3714,-2615,33,20,340,321,167,198,0,1189,-18,-735,0,-2408,0,552,0,0,6255
2025-03-19 23:00,15356,5673,367,3736,-2512,33,20,340,317,167,197,0,1171,-18,-726,0,-2137,0,283,0,0,5880
2025-03-19 23:05,15897,5671,368,3413,-3011,33,21,353,320,157,198,0,1162,-17,-804,-158,-1990,0,0,0,0,5567
2025-03-19 23:10,16221,5673,366,3436,-3521,33,20,353,324,126,198,0,1163,-17,-823,-309,-2369,0,0,0,0,5777
2025-03-19 23:15,16208,5673,366,3227,-2791,33,20,353,317,95,199,0,1154,-17,-845,-399,-1531,0,0,0,0,5305
2025-03-19 23:20,16521,5675,366,3001,-2947,33,20,351,318,85,198,0,1154,-16,-834,-410,-1614,0,0,0,0,5450
2025-03-19 23:25,16343,5674,367,2860,-2890,33,20,351,306,64,197,0,1158,-16,-851,-547,-1426,0,0,0,0,5321
2025-03-19 23:30,16824,5670,367,2793,-3745,33,20,351,300,61,196,0,1158,-16,-917,-708,-2053,0,0,0,0,5304
2025-03-19 23:35,17062,5666,367,2731,-4046,33,18,337,293,62,194,0,1117,-16,-861,-682,-2479,0,0,0,0,5308
2025-03-19 23:40,16737,5664,363,2668,-3950,33,7,337,293,60,193,0,1152,-16,-746,-670,-2497,0,0,0,0,5289
2025-03-19 23:45,17246,5670,361,2615,-4190,33,1,337,289,59,192,0,1153,-15,-760,-639,-2819,0,0,0,0,5071
2025-03-19 23:50,17007,5669,361,2565,-3856,33,1,323,288,58,189,0,1145,-15,-669,-561,-2583,0,0,0,0,4823
2025-03-19 23:55,16976,5670,361,2553,-3929,33,1,323,288,57,184,0,1106,-15,-707,-678,-2502,0,0,0,0,4800
2025-03-20 00:00,16855,5670,362,2531,-3945,33,1,323,284,59,177,0,1142,-15,-661,-955,-2291,0,0,0,0,5051
2025-03-20 00:05,16965,5667,364,2331,-4109,33,1,323,278,56,170,0,1130,-14,-730,-1033,-2331,0,0,0,0,5518
2025-03-20 00:10,17476,5668,361,2249,-4433,33,1,323,279,43,163,0,1119,-14,-776,-1067,-2502,0,0,0,0,5618
2025-03-20 00:15,17810,5669,362,2173,-4580,33,1,323,276,43,155,0,1083,-14,-854,-980,-2741,0,0,0,0,5481
2025-03-20 00:20,17794,5665,362,2060,-4167,33,1,323,278,28,147,0,1112,-14,-756,-819,-2655,0,0,0,0,5059
2025-03-20 00:25,17683,5667,361,2032,-4175,33,1,323,277,28,143,0,1108,-14,-795,-921,-2434,0,0,0,0,5018
2025-03-20 00:30,17638,5666,361,2032,-4343,33,1,323,276,27,138,0,1109,-14,-841,-981,-2464,0,0,0,0,5041
2025-03-20 00:35,17496,5666,361,2017,-4533,33,1,323,265,28,136,0,1110,-13,-745,-762,-2978,0,0,0,0,5017
2025-03-20 00:40,17355,5672,362,2013,-4306,33,1,323,266,24,134,0,1112,-13,-846,-930,-2483,0,0,0,0,4950
2025-03-20 00:45,17186,5671,362,2002,-4327,33,1,320,262,24,132,0,1115,-13,-797,-872,-2604,0,0,0,0,4911
2025-03-20 00:50,17030,5668,362,1993,-4227,33,1,318,260,22,131,0,1114,-13,-672,-941,-2545,0,0,0,0,4653
2025-03-20 00:55,16693,5671,362,1975,-4076,33,1,318,259,23,128,0,1116,-13,-622,-900,-2561,0,0,0,0,4637
2025-03-20 01:00,16905,5669,362,1996,-4302,33,1,318,257,25,124,0,1078,-13,-749,-919,-2617,0,0,0,0,4478
2025-03-20 01:05,17310,5667,362,2012,-4646,33,1,304,254,25,117,0,1108,-13,-823,-1035,-2777,0,0,0,0,4371
2025-03-20 01:10,17622,5671,362,2002,-4680,30,1,304,255,24,114,0,1110,-12,-804,-1214,-2598,0,0,0,0,4230
2025-03-20 01:15,17337,5670,361,1988,-4427,30,1,304,253,24,112,0,1108,-13,-696,-1135,-2538,0,0,0,0,4148
2025-03-20 01:20,17325,5665,362,1987,-4377,30,1,304,253,24,108,0,1077,-13,-794,-1131,-2462,0,0,0,0,3975
2025-03-20 01:25,17258,5668,361,1981,-4653,30,1,304,251,24,105,0,1098,-12,-692,-1470,-2473,0,0,0,0,4117
2025-03-20 01:30,17008,5670,362,1979,-4469,30,1,304,252,24,106,0,1115,-12,-763,-1411,-2278,0,0,0,0,3981
2025-03-20 01:35,16694,5670,362,1977,-4126,30,1,304,255,23,100,0,1115,-12,-651,-1239,-2258,0,0,0,0,3823
2025-03-20 01:40,16972,5666,362,1969,-4413,30,1,304,252,24,94,0,1113,-12,-603,-1245,-2543,0,0,0,0,3838
2025-03-20 01:45,16591,5665,362,1968,-4304,30,1,304,253,24,92,0,1112,-12,-480,-1185,-2596,0,0,0,0,3784
2025-03-20 01:50,16585,5665,362,1978,-4367,30,1,304,252,23,92,0,1112,-12,-424,-1048,-2803,0,0,0,0,3780
2025-03-20 01:55,16372,5668,362,1974,-4202,30,1,304,252,24,92,0,1112,-12,-644,-1058,-2366,0,0,0,0,3821
2025-03-20 02:00,16509,5667,362,1971,-4378,30,1,304,252,22,92,0,1110,-12,-735,-1105,-2463,0,0,0,0,3832
2025-03-20 02:05,15745,5667,362,1970,-3899,24,1,305,250,22,93,0,1075,-12,-552,-1033,-2271,0,0,0,0,3869
2025-03-20 02:10,15647,5671,362,1974,-3876,24,1,305,249,22,92,0,1111,-12,-552,-1045,-2289,0,0,0,0,3863
2025-03-20 02:15,15299,5670,362,1960,-4013,24,1,306,248,22,92,0,1110,-12,-486,-1109,-2365,0,0,0,0,3922
2025-03-20 02:20,15214,5673,362,1968,-3963,24,1,308,242,22,92,0,1110,-12,-349,-1236,-2341,0,0,0,0,3998
2025-03-20 02:25,15098,5667,362,1956,-3653,24,1,308,240,22,92,0,1071,-12,-390,-1154,-2071,0,0,0,0,4002
2025-03-20 02:30,15036,5670,362,1953,-3603,24,1,308,241,22,93,0,1113,-12,-431,-1104,-1992,0,0,0,0,3960
2025-03-20 02:35,15096,5666,362,1946,-3662,24,1,308,240,22,93,0,1106,-12,-378,-1187,-2057,0,0,0,0,3939
2025-03-20 02:40,15114,5671,362,1948,-3719,23,1,308,238,22,92,0,1104,-11,-366,-1047,-2270,0,0,0,0,3930
2025-03-20 02:45,15252,5673,362,1945,-3857,23,1,308,238,23,92,0,1064,-11,-301,-1091,-2432,0,0,0,0,3963
2025-03-20 02:50,15250,5670,362,1940,-3963,23,1,308,237,22,92,0,1102,-11,-399,-1316,-2186,0,0,0,0,4051
2025-03-20 02:55,15235,5670,362,1935,-3996,23,1,308,238,22,92,0,1105,-11,-373,-1151,-2386,0,0,0,0,4050
2025-03-20 03:00,14819,5672,362,1938,-3749,23,1,308,237,22,92,0,1106,-11,-284,-962,-2428,0,0,0,0,4006
